source,panel,property,layer1,A|B|C_i,A|B|C_i <- D,A|B <- C_i,A|B <- C_i <- D,example_prediction,fan_out_minus_per_check
10.1038_s41592-023-01987/content/4,a,Decision_and_explanation,spurious_applicable,0,5,0,4,not needed - panel contains no plot with error bars or box/whisker elements.,5
10.1038_s41592-023-01987/content/4,b,Decision_and_explanation,spurious_applicable,0,5,0,4,not needed - panel contains no plot with error bars or box/whisker elements.,5
10.1038_s41592-023-01987/content/4,c,Decision_and_explanation,spurious_applicable,0,5,0,4,not needed - panel contains no plot with error bars or box/whisker elements.,5
10.1038_s41592-023-01987/content/4,d,Decision_and_explanation,spurious_applicable,0,5,0,4,not needed - panel contains no plot with error bars or box/whisker elements.,5
10.1038_s41592-023-01987/content/4,e,Decision_and_explanation,spurious_applicable,0,5,0,4,not needed - panel contains no plot with error bars or box/whisker elements.,5
10.1038_s41592-023-01987/content/4,f,Decision_and_explanation,spurious_applicable,0,5,0,4,not needed - panel contains no plot with error bars or box/whisker elements.,5
10.1038_s41592-023-01987/content/4,g,Decision_and_explanation,spurious_applicable,0,5,0,4,"not needed - panel contains no plot with error bars or box/whisker elements; the Max/Min bars are intensity calibration scales, not error bars.",5
10.1038_s44320-025-00094-5/content/2,A,Decision_and_explanation,spurious_applicable,0,5,0,5,"not needed - stacked bar/area chart shows median values only, no error bars or box-plot elements are present.",5
10.1038_s44320-025-00094-5/content/2,B,Decision_and_explanation,spurious_applicable,0,5,0,5,not needed - single-molecule stack and frequency sidebars show no error bars.,5
10.1038_s44320-025-00094-5/content/2,C,Decision_and_explanation,spurious_applicable,0,5,0,5,"not needed - stacked bar/area chart shows median values only, no error bars or box-plot elements are present.",5
10.1038_s44320-025-00094-5/content/2,D,Decision_and_explanation,spurious_applicable,0,5,0,5,not needed - single-molecule stack and frequency sidebars show no error bars.,5
10.1038_emboj.2009.312/content/1,A,Decision_and_explanation,spurious_applicable,0,4,0,3,"not needed - micrograph panel, no error bars present.",4
10.1038_emboj.2009.312/content/1,B,Decision_and_explanation,spurious_applicable,0,4,0,3,"not needed - micrograph panel, no error bars present.",4
10.1038_emboj.2009.312/content/1,C,Decision_and_explanation,spurious_applicable,0,4,0,3,"not needed - micrograph panel, no error bars present.",4
10.1038_emboj.2009.312/content/1,G,Decision_and_explanation,spurious_applicable,0,4,0,3,"not needed - micrograph panel, no error bars present.",4
10.1038_emboj.2009.312/content/1,H,Decision_and_explanation,spurious_applicable,0,4,0,3,"not needed - micrograph panel, no error bars present.",4
10.1038_emboj.2009.312/content/1,I,Decision_and_explanation,spurious_applicable,0,4,0,3,"not needed - micrograph panel, no error bars present.",4
10.1038_embor.2009.233/content/2,A,Decision_and_explanation,spurious_applicable,0,4,0,4,not needed - Panel A is a photograph with no plotted data.,4
10.1038_embor.2009.233/content/2,B,Decision_and_explanation,spurious_applicable,0,4,0,4,not needed - Panel B is a micrograph with no plotted data.,4
10.1038_embor.2009.233/content/2,D,Decision_and_explanation,spurious_applicable,0,4,0,4,not needed - Kaplan-Meier survival curves do not carry error bars.,4
10.1038_embor.2009.233/content/2,F,Decision_and_explanation,spurious_applicable,0,4,0,4,not needed - Panel F is a micrograph series with no plotted data.,4
10.1038_s44319-025-00629-9/content/1,A,Decision_and_explanation,spurious_applicable,1,5,2,2,not needed - western blot image contains no error bars.,4
10.1038_s44319-025-00629-9/content/1,B,Decision_and_explanation,spurious_applicable,1,5,2,2,not needed - phase contrast images contain no error bars.,4
10.1038_s44319-025-00629-9/content/1,E,Decision_and_explanation,spurious_applicable,1,5,2,2,not needed - heatmap contains no error bars.,4
10.1038_s44319-025-00629-9/content/1,F,Decision_and_explanation,spurious_applicable,1,5,2,2,not needed - western blot image contains no error bars.,4
10.1038_s44319-025-00629-9/content/1,H,Decision_and_explanation,spurious_applicable,1,5,2,2,not needed - immunofluorescence images contain no error bars.,4
10.1038_s44319-025-00631-1/content/1,A,Decision_and_explanation,spurious_applicable,1,5,2,2,not needed - schematic panel with no data/error bars,4
10.1038_s44319-025-00631-1/content/5,A,Decision_and_explanation,spurious_applicable,1,5,2,5,not needed - spatial heatmap panel contains no error bars or box-plot elements.,4
10.1038_s44319-025-00631-1/content/5,C,Decision_and_explanation,spurious_applicable,1,5,2,5,not needed - GSEA enrichment plots show a running score curve with no error bars.,4
10.1038_s44319-025-00631-1/content/5,D,Decision_and_explanation,spurious_applicable,1,5,2,5,"not needed - bar chart bars have no visible error bars, only p-value annotations.",4
10.1038_s44319-025-00631-1/content/5,E,Decision_and_explanation,spurious_applicable,1,5,2,5,"not needed - panel contains micrographs only, no error bars or box-plot elements.",4
10.1038_s44319-025-00631-1/content/7,A,Decision_and_explanation,spurious_applicable,1,5,1,3,not needed - schematic panel with no error bars.,4
10.1038_s44319-025-00631-1/content/7,B,Decision_and_explanation,spurious_applicable,1,5,1,3,not needed - micrograph panel with no error bars.,4
10.1038_s44319-025-00631-1/content/7,E,Decision_and_explanation,spurious_applicable,1,5,1,3,not needed - schematic panel with no error bars.,4
10.1038_s44320-025-00092-7/content/2,A,Decision_and_explanation,spurious_applicable,1,5,2,5,"not needed - panel shows individual sample measurements (scatter with marginal histograms), no error bars present",4
10.1038_s44320-025-00092-7/content/2,C,Decision_and_explanation,spurious_applicable,1,5,2,5,not needed - panel shows fitted density/distribution curves without error bars,4
10.1038_s44320-025-00092-7/content/2,E,Decision_and_explanation,spurious_applicable,1,5,2,5,not needed - polar histograms show probability-normalized frequency data without error bars,4
10.1038_s44320-025-00092-7/content/2,F,Decision_and_explanation,spurious_applicable,1,5,2,5,not needed - polar histogram without error bars,4
10.1038_s44320-025-00092-7/content/2,G,Decision_and_explanation,spurious_applicable,1,5,2,5,"not needed - schematic example of a single fitted trace, no error bars",4
10.15252_emmm.201404392/content/3,A,Decision_and_explanation,spurious_applicable,1,5,2,3,PASS - No error bars present in this panel of representative images.,4
10.15252_emmm.201404392/content/3,C,Decision_and_explanation,spurious_applicable,1,5,2,3,PASS - No error bars present; this is a representative Western blot.,4
10.15252_emmm.201606261/content/5,A,Decision_and_explanation,spurious_applicable,1,5,3,3,not needed - panel A is a representative blot image without error bars.,4
10.15252_emmm.201606261/content/5,D,Decision_and_explanation,spurious_applicable,1,5,3,3,not needed - panel D is a representative blot image without error bars.,4
10.15252_emmm.201606261/content/5,G,Decision_and_explanation,spurious_applicable,1,5,3,3,not needed - panel G is a representative blot image without error bars.,4
10.15252_emmm.201606261/content/5,J,Decision_and_explanation,spurious_applicable,1,5,3,3,not needed - panel J consists of micrograph images without error bars.,4
10.1038_emboj.2009.340/content/3,A,Decision_and_explanation,spurious_applicable,2,5,0,5,not needed - Panel A is a set of micrographs with no plotted error bars or box-plot elements.,3
10.1038_s44318-025-00409-0/content/1,A,Decision_and_explanation,spurious_applicable,0,3,0,2,not needed - schematic panel with no error bars.,3
10.1038_s44318-025-00409-0/content/1,B,Decision_and_explanation,spurious_applicable,0,3,0,2,not needed - western blot panel with no error bars.,3
10.1038_s44318-025-00409-0/content/1,D,Decision_and_explanation,spurious_applicable,0,3,0,2,not needed - micrograph panel with no error bars.,3
10.1038_s44318-025-00409-0/content/1,E,Decision_and_explanation,spurious_applicable,0,3,0,2,not needed - flow cytometry density plots do not contain error bars.,3
10.1038_s44318-025-00409-0/content/1,H,Decision_and_explanation,spurious_applicable,0,3,0,2,not needed - micrograph panel with no error bars.,3
10.1038_s44318-025-00409-0/content/1,J,Decision_and_explanation,spurious_applicable,0,3,0,2,not needed - heatmap panel with no error bars or whiskers.,3
10.1038_s44318-026-00715-1/content/1,A,Decision_and_explanation,spurious_applicable,2,5,1,5,not needed - panel A is a schematic genomic organization diagram with no plotted data or error bars,3
10.1038_s44318-026-00715-1/content/6,A,Decision_and_explanation,spurious_applicable,1,4,0,3,"not needed - schematic diagram, no error bars.",3
10.1038_s44318-026-00715-1/content/6,B,Decision_and_explanation,spurious_applicable,1,4,0,3,"not needed - micrograph image, no error bars.",3
10.1038_s44318-026-00715-1/content/6,G,Decision_and_explanation,spurious_applicable,1,4,0,3,"not needed - micrograph image, no error bars.",3
10.1038_s44318-026-00715-1/content/6,J,Decision_and_explanation,spurious_applicable,1,4,0,3,"not needed - western blot image, no error bars.",3
10.1038_s44319-025-00415-7/content/2,A,Decision_and_explanation,spurious_applicable,2,5,3,3,not needed - panel is a schematic 3D rendering with no plotted error bars.,3
10.1038_s44319-025-00415-7/content/2,B,Decision_and_explanation,spurious_applicable,2,5,3,3,not needed - panel is a schematic 3D rendering with no plotted error bars.,3
10.1038_s44319-025-00415-7/content/2,C,Decision_and_explanation,spurious_applicable,2,5,3,3,"not needed - panel is a tomogram image, no error bars present.",3
10.1038_s44319-025-00415-7/content/2,D,Decision_and_explanation,spurious_applicable,2,5,3,3,not needed - panel is a schematic 3D rendering with no plotted error bars.,3
10.1038_s44319-025-00415-7/content/2,E,Decision_and_explanation,spurious_applicable,2,5,3,3,"not needed - panel is a tomogram slice image, no error bars present.",3
10.1038_s44319-025-00415-7/content/2,F,Decision_and_explanation,spurious_applicable,2,5,3,3,"not needed - panel is a tomogram slice image, no error bars present.",3
10.1038_s44319-025-00631-1/content/3,A,Decision_and_explanation,spurious_applicable,1,4,2,3,not needed - panel is a spatial cluster map with no error bars or box-plot elements.,3
10.1038_s44319-025-00631-1/content/3,B,Decision_and_explanation,spurious_applicable,1,4,2,3,"not needed - panel shows H&E images only, no error bars.",3
10.1038_s44319-025-00631-1/content/3,C,Decision_and_explanation,spurious_applicable,1,4,2,3,"not needed - panel shows H&E image and spatial expression heatmaps, no error bars.",3
10.1038_s44319-025-00631-1/content/3,D,Decision_and_explanation,spurious_applicable,1,4,2,3,not needed - GSEA enrichment plots show a single running enrichment score line with no error bars.,3
10.1038_s44319-025-00631-1/content/3,E,Decision_and_explanation,spurious_applicable,1,4,2,3,"not needed - bar chart bars have no visible error bars, only p-values are annotated.",3
10.1038_s44319-025-00631-1/content/6,A,Decision_and_explanation,spurious_applicable,2,5,0,3,not needed - Panel A shows photographs with no plotted data or error bars.,3
10.1038_s44319-025-00631-1/content/6,C,Decision_and_explanation,spurious_applicable,2,5,2,3,"not needed: spatial plots show color-coded expression levels (log2 expression), not error bars.",3
10.1038_s44319-025-00631-1/content/6,D,Decision_and_explanation,spurious_applicable,2,5,2,4,not needed: GSEA enrichment score line plots do not contain error bars.,3
10.1038_s44319-025-00631-1/content/6,E,Decision_and_explanation,spurious_applicable,2,5,2,4,"not needed: bar graph shows single log2 fold-change values with p-value annotations, no visible error bars/whiskers.",3
10.1038_s44319-025-00631-1/content/6,F,Decision_and_explanation,spurious_applicable,2,5,2,3,"not needed: fluorescence and IHC images, no plotted error bars.",3
10.1242_jcs.242834/content/3,A,Decision_and_explanation,spurious_applicable,2,5,3,5,not needed - panel shows single calculated percentage values with no variability/error bars.,3
10.1242_jcs.242834/content/3,D,Decision_and_explanation,spurious_applicable,2,5,3,5,not needed - panel shows individual migration tracks with no error bars.,3
10.1242_jcs.242834/content/3,F,Decision_and_explanation,spurious_applicable,2,5,3,5,"not needed - micrograph panel, no error bars.",3
10.1242_jcs.242834/content/3,G,Decision_and_explanation,spurious_applicable,2,5,3,5,"not needed - micrograph panel, no error bars.",3
10.1242_jcs.242834/content/3,H,Decision_and_explanation,spurious_applicable,2,5,3,5,"not needed - micrograph panel, no error bars.",3
10.1242_jcs.242834/content/4,A,Decision_and_explanation,spurious_applicable,1,4,0,4,not needed - panel shows single values without error bars.,3
10.1242_jcs.242834/content/4,B,Decision_and_explanation,spurious_applicable,1,4,0,4,"not needed - micrograph panel, no error bars present.",3
10.1242_jcs.242834/content/4,C,Decision_and_explanation,spurious_applicable,1,4,0,4,"not needed - micrograph panel, no error bars present.",3
10.1242_jcs.242834/content/4,E,Decision_and_explanation,spurious_applicable,1,4,0,4,"not needed - micrograph panel, no error bars present.",3
10.1242_jcs.242834/content/4,I,Decision_and_explanation,spurious_applicable,1,4,0,4,"not needed - micrograph panel, no error bars present.",3
10.15252_emmm.201404392/content/2,B,Decision_and_explanation,spurious_applicable,0,3,0,2,not needed - Panel B contains only micrographs with no error bars or box-plot elements.,3
10.15252_emmm.201404392/content/2,C,Decision_and_explanation,spurious_applicable,0,3,0,2,"not needed - Panel C is a blot image only, with no error bars.",3
10.15252_emmm.201404392/content/2,D,Decision_and_explanation,spurious_applicable,0,3,0,2,"not needed - Panel D is a blot image only, with no error bars.",3
10.15252_emmm.201404392/content/3,E,Decision_and_explanation,spurious_applicable,2,5,2,3,PASS - No error bars present; panel shows raw FACS histograms.,3
10.1038_s44318-025-00412-5/content/1,B,Decision_and_explanation,spurious_applicable,0,2,0,1,not needed - immunoblot with no error bars.,2
10.1038_s44318-025-00412-5/content/1,D,Decision_and_explanation,spurious_applicable,0,2,0,1,not needed - immunoblot with no error bars.,2
10.1038_s44318-025-00412-5/content/1,F,Decision_and_explanation,spurious_applicable,0,2,0,1,not needed - immunoblot with no error bars.,2
10.1038_s44318-025-00412-5/content/1,J,Decision_and_explanation,spurious_applicable,0,2,0,1,not needed - immunoblot with no error bars.,2
10.1038_s44318-026-00715-1/content/3,A,Decision_and_explanation,spurious_applicable,2,4,1,5,not needed - panel A shows micrographs/localization maps with no error bars or box-plot elements.,2
10.1038_s44318-026-00715-1/content/3,B,Decision_and_explanation,spurious_applicable,2,4,1,5,not needed - panel B shows micrographs/localization maps with no error bars or box-plot elements.,2
10.1038_s44318-026-00715-1/content/3,F,Decision_and_explanation,spurious_applicable,2,4,1,5,not needed - panel F shows localization/trajectory micrographs with no error bars or box-plot elements.,2
10.1038_s44318-026-00715-1/content/3,G,error_bar_on_figure,withheld_applicable,0,2,0,1,,2
10.1038_s44318-026-00715-1/content/3,G,panel_label,withheld_applicable,0,2,0,1,,2
10.1038_s44318-026-00715-1/content/3,H,Decision_and_explanation,spurious_applicable,2,4,1,5,not needed - panel H shows trajectory/kymograph micrographs with no error bars or box-plot elements.,2
10.1038_s44318-026-00715-1/content/5,A,Decision_and_explanation,spurious_applicable,1,3,2,4,not needed - no error bars present on the mass spectrum plot.,2
10.1038_s44318-026-00715-1/content/5,B,Decision_and_explanation,spurious_applicable,1,3,2,4,not needed - no error bars present on the mass spectrum plot.,2
10.1038_s44318-026-00715-1/content/5,C,Decision_and_explanation,spurious_applicable,1,3,2,4,not needed - bar chart shows single proportion values with no error bars.,2
10.1038_s44318-026-00715-1/content/5,D,Decision_and_explanation,spurious_applicable,1,3,2,4,not needed - bar chart shows single proportion values with no error bars.,2
10.1038_s44318-026-00715-1/content/5,E,Decision_and_explanation,spurious_applicable,1,3,2,4,not needed - bar chart shows single proportion values with no error bars.,2
10.1038_s44318-026-00715-1/content/5,F,Decision_and_explanation,spurious_applicable,1,3,2,4,not needed - bar chart shows single proportion values with no error bars.,2
10.1038_s44318-026-00715-1/content/5,G,Decision_and_explanation,spurious_applicable,1,3,2,4,not needed - per-residue CSP bars (light gray/gray/black for 0.4/1.0/2 equivalents) show no error bars.,2
10.1038_s44318-026-00715-1/content/5,H,Decision_and_explanation,spurious_applicable,1,3,2,4,not needed - per-residue CSP bars (light gray/gray/black for 0.4/1.0/2 equivalents) show no error bars.,2
10.1038_s44320-025-00096-3/content/9,A,Decision_and_explanation,spurious_applicable,2,4,1,2,"not needed - panel A is a domain schematic and western blots, no error bars or box/violin elements present.",2
10.1038_s44320-025-00096-3/content/9,B,Decision_and_explanation,spurious_applicable,2,4,1,4,"not needed - bar chart shows single values (% depletion, log2 elution) per antibody with no visible error bars.",2
10.1038_s44320-025-00096-3/content/9,C,Decision_and_explanation,spurious_applicable,2,4,1,4,"not needed - heatmap of normalized abundances, no error bars applicable.",2
10.1038_s44320-025-00096-3/content/9,F,Decision_and_explanation,spurious_applicable,2,4,1,4,"not needed - sequence alignment and predicted structure, no error bars applicable.",2
10.1038_s44320-025-00096-3/content/9,G,Decision_and_explanation,spurious_applicable,2,4,1,4,"not needed - scatterplot of individual protein enrichment values, no error bars shown.",2
10.1038_s44320-025-00096-3/content/9,I,Decision_and_explanation,spurious_applicable,2,4,1,4,"not needed - PCA scatterplot of individual samples, no error bars applicable.",2
10.1038_s44320-025-00096-3/content/9,J,Decision_and_explanation,spurious_applicable,2,4,1,4,"not needed - PCA scatterplots of individual samples stratified by tissue, no error bars applicable.",2
10.1038_s44321-025-00219-1/content/1,Ai,Decision_and_explanation,spurious_applicable,3,5,2,3,"not needed - panel is a micrograph, no error bars or box-plot elements present",2
10.1038_s44321-025-00219-1/content/1,Aii,Decision_and_explanation,spurious_applicable,3,5,2,3,"not needed - panel is a micrograph, no error bars or box-plot elements present",2
10.1038_s44321-025-00219-1/content/1,B,Decision_and_explanation,spurious_applicable,3,5,2,4,"not needed - panel is a set of micrographs, no error bars or box-plot elements present",2
10.1038_s44321-025-00219-1/content/1,C,Decision_and_explanation,spurious_applicable,3,5,2,4,"not needed - panel is a micrograph, no error bars or box-plot elements present",2
10.15252_emmm.201404392/content/1,F,Decision_and_explanation,spurious_applicable,1,3,1,3,not needed: Panel F is a Kaplan-Meier survival curve (step function) without error bars.,2
10.1038_emboj.2009.340/content/3,B,from_the_caption,spurious_applicable,0,1,0,0,"Insets represent average early time points responses measured in euchromatin and heterochromatin (red and green data sets, respectively) to emphasize on the initial plateau in heterochromatin.",1
10.1038_s44318-026-00715-1/content/4,B,Decision_and_explanation,spurious_applicable,1,2,0,4,"not needed: line plot shows raw single-trace fluorescence intensity, no error bars present.",1
10.1038_s44318-026-00715-1/content/4,E,Decision_and_explanation,spurious_applicable,1,2,0,4,"not needed: line plot shows raw single-trace fluorescence intensity, no error bars present.",1
10.1038_s44318-026-00715-1/content/4,J,Decision_and_explanation,spurious_applicable,1,2,0,4,"not needed: panel contains only microscopy images, no plot or error bars.",1
10.1038_s44318-026-00715-1/content/7,A,Decision_and_explanation,spurious_applicable,3,4,1,5,not needed - sequence logo has no error bars.,1
10.1038_s44318-026-00715-1/content/7,C,Decision_and_explanation,spurious_applicable,3,4,1,5,"not needed - micrograph panel, no error bars.",1
10.1038_s44318-026-00715-1/content/7,F,Decision_and_explanation,spurious_applicable,3,4,1,5,"not needed - micrograph panel, no error bars.",1
10.1038_s44319-025-00438-0/content/1,A,Decision_and_explanation,spurious_applicable,2,3,0,0,not needed - schematic panel with no error bars.,1
10.1038_s44319-025-00438-0/content/1,B,Decision_and_explanation,spurious_applicable,2,3,0,0,"not needed - Venn diagram, no error bars applicable.",1
10.1038_s44319-025-00438-0/content/1,C,Decision_and_explanation,spurious_applicable,2,3,0,0,"not needed - heatmap, no error bars applicable.",1
10.1038_s44319-025-00438-0/content/1,D,Decision_and_explanation,spurious_applicable,2,3,0,0,"not needed - photograph, no error bars.",1
10.1038_s44319-025-00438-0/content/1,E,Decision_and_explanation,spurious_applicable,2,3,0,0,"not needed - micrograph, no error bars.",1
10.1038_s44319-025-00438-0/content/1,F,Decision_and_explanation,spurious_applicable,2,3,0,0,"not needed - immunoblot image, no error bars.",1
10.1038_s44319-025-00438-0/content/1,H,Decision_and_explanation,spurious_applicable,2,3,0,0,"not needed - immunoblot image, no error bars.",1
10.1038_s44319-025-00438-0/content/1,I,Decision_and_explanation,spurious_applicable,2,3,0,0,"not needed - micrograph, no error bars.",1
10.1038_s44319-025-00438-0/content/1,K,Decision_and_explanation,spurious_applicable,2,3,0,0,"not needed - micrograph, no error bars.",1
10.1038_s44319-025-00438-0/content/1,M,Decision_and_explanation,spurious_applicable,2,3,0,0,"not needed - micrograph, no error bars.",1
10.1038_s44319-025-00438-0/content/1,N,Decision_and_explanation,spurious_applicable,2,3,0,0,"not needed - micrograph, no error bars.",1
10.1038_s44319-025-00438-0/content/1,O,Decision_and_explanation,spurious_applicable,2,3,0,0,not needed - schematic panel with no error bars.,1
10.1038_s44319-025-00438-0/content/1,P,Decision_and_explanation,spurious_applicable,2,3,0,0,"not needed - micrograph, no error bars.",1
10.1038_s44319-025-00438-0/content/1,Q,Decision_and_explanation,spurious_applicable,2,3,0,0,not needed - schematic panel with no error bars.,1
10.1038_s44319-025-00629-9/content/1,C,Decision_and_explanation,withheld_applicable,0,1,0,0,,1
10.1038_s44319-025-00629-9/content/1,C,error_bar_defined_in_caption,withheld_applicable,0,1,0,0,,1
10.1038_s44319-025-00629-9/content/1,C,error_bar_on_figure,withheld_applicable,0,1,0,0,,1
10.1038_s44319-025-00629-9/content/1,C,from_the_caption,withheld_applicable,0,1,0,0,,1
10.1038_s44319-025-00629-9/content/1,C,panel_label,withheld_applicable,0,1,0,0,,1
10.1038_s44319-025-00629-9/content/1,D,Decision_and_explanation,withheld_applicable,0,1,0,0,,1
10.1038_s44319-025-00629-9/content/1,D,error_bar_defined_in_caption,withheld_applicable,0,1,0,0,,1
10.1038_s44319-025-00629-9/content/1,D,error_bar_on_figure,withheld_applicable,0,1,0,0,,1
10.1038_s44319-025-00629-9/content/1,D,from_the_caption,withheld_applicable,0,1,0,0,,1
10.1038_s44319-025-00629-9/content/1,D,panel_label,withheld_applicable,0,1,0,0,,1
10.1038_s44319-025-00629-9/content/1,G,Decision_and_explanation,withheld_applicable,0,1,0,0,,1
10.1038_s44319-025-00629-9/content/1,G,error_bar_defined_in_caption,withheld_applicable,0,1,0,0,,1
10.1038_s44319-025-00629-9/content/1,G,error_bar_on_figure,withheld_applicable,0,1,0,0,,1
10.1038_s44319-025-00629-9/content/1,G,from_the_caption,withheld_applicable,0,1,0,0,,1
10.1038_s44319-025-00629-9/content/1,G,panel_label,withheld_applicable,0,1,0,0,,1
10.1038_s44321-025-00224-4/content/1,C,error_bar_on_figure,withheld_applicable,0,1,0,0,,1
10.1038_s44321-025-00224-4/content/1,C,panel_label,withheld_applicable,0,1,0,0,,1
10.1038_s44321-025-00224-4/content/1,F,Decision_and_explanation,withheld_applicable,0,1,0,0,,1
10.1038_s44321-025-00224-4/content/1,F,error_bar_defined_in_caption,withheld_applicable,0,1,0,0,,1
10.1038_s44321-025-00224-4/content/1,F,error_bar_on_figure,withheld_applicable,0,1,0,0,,1
10.1038_s44321-025-00224-4/content/1,F,from_the_caption,withheld_applicable,0,1,0,0,,1
10.1038_s44321-025-00224-4/content/1,F,panel_label,withheld_applicable,0,1,0,0,,1
10.15252_emmm.201404392/content/1,C,Decision_and_explanation,spurious_applicable,0,1,0,2,not needed - western blot has no error bars.,1
10.15252_emmm.201404392/content/1,G,Decision_and_explanation,spurious_applicable,1,2,0,2,not needed - micrograph panel with no plotted data.,1
10.15252_emmm.201404392/content/3,B,from_the_caption,spurious_applicable,0,1,1,0,n=20 *p<0.05 **p<0.01,1
10.15252_emmm.201404392/content/3,D,from_the_caption,spurious_applicable,0,1,1,0,"##: p<0.01, Tukey's test follows One-way ANOVA. N: indicated in the bars",1
10.1038_embor.2009.217/content/4,B,Decision_and_explanation,withheld_applicable,0,0,1,0,not needed,0
10.1038_embor.2009.233/content/2,C,Decision_and_explanation,withheld_applicable,0,0,0,1,,0
10.1038_embor.2009.233/content/2,C,error_bar_defined_in_caption,withheld_applicable,0,0,0,1,,0
10.1038_embor.2009.233/content/2,C,error_bar_on_figure,withheld_applicable,0,0,0,1,,0
10.1038_embor.2009.233/content/2,C,panel_label,withheld_applicable,0,0,0,1,,0
10.1038_embor.2009.233/content/2,E,Decision_and_explanation,withheld_applicable,0,0,0,1,,0
10.1038_embor.2009.233/content/2,E,error_bar_defined_in_caption,withheld_applicable,0,0,0,1,,0
10.1038_embor.2009.233/content/2,E,error_bar_on_figure,withheld_applicable,0,0,0,1,,0
10.1038_embor.2009.233/content/2,E,panel_label,withheld_applicable,0,0,0,1,,0
10.1038_embor.2009.233/content/2,G,Decision_and_explanation,withheld_applicable,0,0,0,1,,0
10.1038_embor.2009.233/content/2,G,error_bar_defined_in_caption,withheld_applicable,0,0,0,1,,0
10.1038_embor.2009.233/content/2,G,error_bar_on_figure,withheld_applicable,0,0,0,1,,0
10.1038_embor.2009.233/content/2,G,panel_label,withheld_applicable,0,0,0,1,,0
10.1038_s44318-025-00416-1/content/8,C,from_the_caption,withheld_applicable,5,5,5,5,,0
10.1038_s44318-025-00416-1/content/8,D,from_the_caption,withheld_applicable,5,5,5,5,,0
10.1038_s44318-025-00416-1/content/8,E,Decision_and_explanation,spurious_applicable,0,0,1,0,not needed: Kaplan-Meier survival curve has no error bars.,0
10.1038_s44318-025-00416-1/content/8,F,Decision_and_explanation,spurious_applicable,0,0,1,0,not needed: Kaplan-Meier survival curve has no error bars.,0
10.1038_s44318-025-00416-1/content/8,G,Decision_and_explanation,spurious_applicable,0,0,1,0,not needed: Kaplan-Meier survival curve has no error bars.,0
10.1038_s44318-025-00416-1/content/8,H,Decision_and_explanation,spurious_applicable,0,0,1,0,not needed: Kaplan-Meier survival curve has no error bars.,0
10.1038_s44318-026-00715-1/content/3,G,Decision_and_explanation,spurious_applicable,3,3,2,4,"not needed - panel G shows a histogram and individual raw MSD trajectory curves, with no aggregated error bars or box-plot elements.",0
10.1038_s44319-025-00432-6/content/7,A,Decision_and_explanation,spurious_applicable,5,5,3,5,"not needed - panel shows flow cytometry dot plots with gating percentages, no error bars or box-plot elements present",0
10.1038_s44319-025-00432-6/content/7,B,Decision_and_explanation,spurious_applicable,5,5,3,5,"not needed - panel shows flow cytometry dot plots with gating percentages, no error bars or box-plot elements present",0
10.1038_s44319-025-00432-6/content/7,C,Decision_and_explanation,spurious_applicable,5,5,3,5,"not needed - panel shows flow cytometry gating strategy dot plots, no error bars or box-plot elements present",0
10.1038_s44319-025-00432-6/content/7,D,Decision_and_explanation,spurious_applicable,5,5,3,5,"not needed - panel shows color-coded overlay scatter plots of populations, no error bars or box-plot elements present",0
10.1038_s44319-025-00432-6/content/7,E,Decision_and_explanation,spurious_applicable,5,5,3,5,"not needed - panel shows flow cytometry dot plots with gating percentages, no error bars or box-plot elements present",0
10.1038_s44319-025-00631-1/content/4,A,Decision_and_explanation,spurious_applicable,3,3,3,2,"not needed - panel A shows H&E images and spatial expression plots (heatmap-style spatial transcriptomics), no error bars or box-plot elements present.",0
10.1038_s44319-025-00631-1/content/4,B,Decision_and_explanation,spurious_applicable,3,3,3,2,"not needed - panel B contains only micrographs (H&E and RNAscope fluorescence images), no error bars or box-plot elements.",0
10.1038_s44320-025-00092-7/content/1,A,Decision_and_explanation,spurious_applicable,4,4,2,4,"not needed - panel A is a schematic/table of breast anatomy and cancer classification, no error bars or box-plot elements present",0
10.1038_s44320-025-00092-7/content/1,B,Decision_and_explanation,spurious_applicable,4,4,2,4,"not needed - panel B is a schematic illustrating study aims, no data plot with error bars",0
10.1038_s44320-025-00092-7/content/1,C,Decision_and_explanation,spurious_applicable,4,4,2,4,"not needed - panel C is a schematic of the luciferase recording method, no error bars",0
10.1038_s44320-025-00092-7/content/1,D,Decision_and_explanation,spurious_applicable,4,4,3,4,"not needed - panel D shows idealized illustrative line traces within a schematic workflow diagram, not real data with error bars",0
10.1038_s44320-025-00092-7/content/1,E,Decision_and_explanation,spurious_applicable,4,4,3,4,"not needed - panel E is an illustrative schematic heatmap representing the concept of correlation analysis, not actual data",0
10.1038_s44320-025-00092-7/content/1,F,Decision_and_explanation,spurious_applicable,4,4,3,4,"not needed - panel F contains idealized illustrative growth curves within a schematic, no error bars present",0
10.1038_s44320-025-00092-7/content/1,G,Decision_and_explanation,spurious_applicable,4,4,3,4,"not needed - panel G contains idealized illustrative dose-response curves within a schematic, no error bars present",0
10.1038_s44320-025-00092-7/content/1,H,Decision_and_explanation,spurious_applicable,4,4,3,4,"not needed - panel H is a schematic illustrating genomic analysis workflow with illustrative heatmap/matrix icons, not real data with error bars",0
10.1038_s44320-025-00092-7/content/1,I,Decision_and_explanation,spurious_applicable,4,4,3,4,"not needed - panel I shows illustrative PCA and 3D cluster schematics representing the concept, not real data with error bars",0
10.1038_s44320-025-00096-3/content/9,D,from_the_caption,withheld_applicable,5,5,5,5,,0
10.1038_s44320-025-00096-3/content/9,H,Decision_and_explanation,spurious_applicable,5,5,4,5,FAIL: the scatterplot shows a fitted line flanked by dashed bounding lines (apparent confidence interval) that the caption does not define.,0
10.1038_s44321-025-00219-1/content/1,Ai,error_bar_on_figure,withheld_applicable,0,0,0,1,,0
10.1038_s44321-025-00219-1/content/1,Ai,panel_label,withheld_applicable,0,0,0,1,,0
10.1038_s44321-025-00219-1/content/1,Aii,error_bar_on_figure,withheld_applicable,0,0,0,1,,0
10.1038_s44321-025-00219-1/content/1,Aii,panel_label,withheld_applicable,0,0,0,1,,0
10.1242_jcs.242834/content/3,C,from_the_caption,withheld_applicable,0,0,1,1,,0
10.1038_embor.2009.217/content/4,B,error_bar_defined_in_caption,withheld_applicable,1,0,1,0,not needed,-1
10.1038_s44318-026-00715-1/content/2,I,Decision_and_explanation,spurious_applicable,1,0,0,0,"not needed: blot image, no error bars.",-1
10.1038_s44318-026-00715-1/content/2,N,Decision_and_explanation,spurious_applicable,1,0,0,0,"not needed: blot image, no error bars.",-1
10.1038_s44318-026-00715-1/content/2,F,Decision_and_explanation,spurious_applicable,2,0,2,0,"not needed: line profile shows single intensity traces, not error bars.",-2
10.1038_s44320-025-00096-3/content/9,H,error_bar_defined_in_caption,spurious_applicable,5,3,4,4,no,-2
