example,panel,individual_values,decision,note,curator,date
10.1038_embor.2009.233/content/2,C,not_required,PASS,box plot,Thomas Lemberger,2026-10-02
10.1038_s44318-025-00409-0/content/1,C,not_required,PASS,line plot,Thomas Lemberger,2026-10-02
10.1038_s44318-025-00409-0/content/1,F,not_required,PASS,line plot,Thomas Lemberger,2026-10-02
10.1038_s44318-025-00409-0/content/1,G,not_required,PASS,line plot,Thomas Lemberger,2026-10-02
10.1038_s44318-025-00409-0/content/1,I,not_required,PASS,box plot,Thomas Lemberger,2026-10-02
10.1038_s44318-025-00412-5/content/1,G,not_required,PASS,line plot,Thomas Lemberger,2026-10-02
10.1038_s44318-025-00412-5/content/1,H,not_required,PASS,line plot,Thomas Lemberger,2026-10-02
10.1038_s44318-025-00412-5/content/1,I,not_required,PASS,line plot,Thomas Lemberger,2026-10-02
10.1038_s44318-025-00412-5/content/1,K,not_required,PASS,line plot,Thomas Lemberger,2026-10-02
10.1038_s44318-025-00416-1/content/8,C,not_required,PASS,Panel is a violin plot -individual data points are not required,Thomas Lemberger,2026-10-02
10.1038_s44318-025-00416-1/content/8,D,not_required,PASS,Panel is a violin plot -individual data points are not required,Thomas Lemberger,2026-10-02
10.1038_s44318-026-00715-1/content/4,M,not_required,PASS,line plot,Thomas Lemberger,2026-10-02
10.1038_s44319-025-00631-1/content/1,E,not_required,PASS,line plot,Thomas Lemberger,2026-10-02
10.1038_s44320-025-00096-3/content/9,B,not_required,PASS,no replicate,Thomas Lemberger,2026-10-02
10.1242_jcs.242834/content/3,B,not_required,PASS,line plot,Thomas Lemberger,2026-10-02
10.1242_jcs.242834/content/3,C,not_required,PASS,line plot,Thomas Lemberger,2026-10-02
10.1242_jcs.242834/content/3,I,not_required,PASS,line plot,Thomas Lemberger,2026-10-02
10.1242_jcs.242834/content/3,J,not_required,PASS,line plot,Thomas Lemberger,2026-10-02
10.1242_jcs.242834/content/4,D,not_required,PASS,line plot,Thomas Lemberger,2026-10-02
10.1242_jcs.242834/content/4,J,not_required,PASS,line plot,Thomas Lemberger,2026-10-02
10.15252_emmm.201404392/content/1,D,not_required,PASS,line plot,Thomas Lemberger,2026-10-02
10.15252_emmm.201404392/content/1,E,not_required,PASS,line plot,Thomas Lemberger,2026-10-02
10.1038_s44318-024-00316-w/content/6,C,yes,PASS,violin plot with individual points shown (confirmed 2026-10-02),Thomas Lemberger,2026-10-02
10.1038_s44318-026-00697-0/content/2,C,not_required,PASS,violin plot,Thomas Lemberger,2026-10-02
10.1038_s44318-026-00697-0/content/2,F,not_required,PASS,violin plot,Thomas Lemberger,2026-10-02
10.1038_s44318-026-00697-0/content/5,F,not_required,PASS,heatmap: an exempt plot type (confirmed 2026-10-02),Thomas Lemberger,2026-10-02
10.1038_s44318-026-00697-0/content/5,G,not_required,PASS,RPKM track: an exempt plot (confirmed 2026-10-02),Thomas Lemberger,2026-10-02
10.1038_s44318-026-00735-x/content/7,B,not_applicable,not_applicable,gel,Thomas Lemberger,2026-10-02
10.1038_s44318-026-00759-3/content/1,D,not_required,PASS,line graph,Thomas Lemberger,2026-10-02
10.1038_s44318-026-00759-3/content/2,A,not_required,PASS,line graph,Thomas Lemberger,2026-10-02
10.1038_s44318-026-00759-3/content/2,B,not_required,PASS,line graph,Thomas Lemberger,2026-10-02
